id,first_name,last_name,email,phone
100023678,Marcille,Cozby,mcozby0@narod.ru,877-700-4824
100024545,Chauncey,Matthews,cmatthews1@usda.gov,753-129-3297
100025412,Catharine,Burdas,cburdas2@odnoklassniki.ru,802-780-0006
100026279,Lexine,Clyburn,lclyburn3@bluehost.com,160-411-0331
100027146,Karmen,Ridett,kridett4@dyndns.org,414-940-3012
100028013,Ariella,Beharrell,abeharrell5@sina.com.cn,269-960-2236
100028880,Derron,Alsopp,dalsopp6@addthis.com,413-490-8678
100029747,Dorie,Yexley,dyexley7@state.gov,323-980-5255
100030614,Janaye,Heinonen,jheinonen8@ifeng.com,648-413-8214
100031481,Tamara,Schiersch,tschiersch9@google.it,330-846-2481
100032348,Catrina,Pirouet,cpiroueta@netlog.com,599-402-8483
100033215,Bonni,Curado,bcuradob@facebook.com,346-272-3578
100034082,Rodrique,Finden,rfindenc@acquirethisname.com,686-335-9873
100034949,Lil,Kaysor,lkaysord@opera.com,107-875-4560
100035816,Haven,Scintsbury,hscintsburye@whitehouse.gov,443-933-8570
100036683,Nathalie,MacPeake,nmacpeakef@nytimes.com,920-961-6577
100037550,Bondy,Waiton,bwaitong@cafepress.com,393-978-7282
100038417,Morse,Hagard,mhagardh@dailymotion.com,718-380-3445
100039284,Kalle,Legge,kleggei@youku.com,553-273-4933
100040151,Reuben,Pettiford,rpettifordj@newsvine.com,529-112-4929
100041018,Morrie,Courtman,mcourtmank@ihg.com,971-634-7573
100041885,Tucker,Woollin,twoollinl@geocities.jp,906-872-6945
100042752,Andie,Aslen,aaslenm@lulu.com,301-979-3722
100043619,Natalina,Wyer,nwyern@cocolog-nifty.com,964-755-8933
100044486,Mathew,Pennock,mpennocko@go.com,525-501-7245
100045353,Rinaldo,Timpany,rtimpanyp@ebay.com,739-402-3999
100046220,Thedrick,Townson,ttownsonq@shop-pro.jp,206-411-9758
100047087,Vilma,Gibberd,vgibberdr@amazon.co.uk,131-250-0203
100047954,Shirley,Tanser,stansers@theatlantic.com,781-762-4140
100048821,Shirleen,Moggan,smoggant@hostgator.com,597-729-6950
100049688,Jessey,Cicero,jcicerou@oaic.gov.au,765-472-0683
100050555,Mandel,Shelbourne,mshelbournev@wikipedia.org,205-849-0387
100051422,Mariana,Issit,missitw@livejournal.com,394-904-6910
100052289,Mace,Desporte,mdesportex@elpais.com,859-264-5505
100053156,Melania,Klink,mklinky@thetimes.co.uk,743-958-1393
100054023,Steve,Klimontovich,sklimontovichz@about.me,412-974-7478
100054890,Margarete,Asbury,masbury10@zdnet.com,287-801-5316
100055757,Mario,McElvogue,mmcelvogue11@cbslocal.com,218-374-4438
100056624,Boote,Westcar,bwestcar12@dagondesign.com,423-609-1791
100057491,Chelsy,Marcombe,cmarcombe13@ca.gov,625-500-8769
100058358,Dru,Meagh,dmeagh14@eventbrite.com,538-703-6223
100059225,Ethelind,Brychan,ebrychan15@nih.gov,508-647-2579
100060092,Fee,Dregan,fdregan16@google.it,976-719-9332
100060959,Sullivan,Maunder,smaunder17@sun.com,395-790-1243
100061826,Mikkel,Sisey,msisey18@friendfeed.com,440-509-0534
100062693,Karoly,Pummell,kpummell19@apple.com,963-131-3687
100063560,Neille,Boykett,nboykett1a@goo.ne.jp,969-508-4020
100064427,Carolin,Petri,cpetri1b@plala.or.jp,969-170-8667
100065294,Dru,Castles,dcastles1c@wiley.com,463-923-2323
100066161,Nikos,Foggo,nfoggo1d@live.com,245-877-1087
100067028,Harriette,Albin,halbin1e@shop-pro.jp,441-611-5432
100067895,Serge,Roomes,sroomes1f@engadget.com,804-940-9965
100068762,Von,Dulinty,vdulinty1g@walmart.com,175-454-1379
100069629,Carine,Symcock,csymcock1h@moonfruit.com,607-473-5314
100070496,Orelia,Bessant,obessant1i@oracle.com,103-806-3347
100071363,Aloysius,Struys,astruys1j@t.co,430-178-2753
100072230,Candie,Sirkett,csirkett1k@google.com,741-144-4657
100073097,Moore,Clace,mclace1l@nsw.gov.au,421-770-5548
100073964,Frannie,Doget,fdoget1m@home.pl,704-848-3495
100074831,Priscilla,Hallihan,phallihan1n@ow.ly,627-851-5286
100075698,Ardelle,Pagden,apagden1o@facebook.com,262-505-3582
100076565,Byron,Cozins,bcozins1p@google.ca,986-271-4585
100077432,Deedee,Daskiewicz,ddaskiewicz1q@godaddy.com,959-800-4355
100078299,Timotheus,Oles,toles1r@histats.com,526-512-4345
100079166,Elsey,Coxhead,ecoxhead1s@yellowbook.com,449-207-5411
100080033,Abbi,Cowles,acowles1t@wikipedia.org,256-268-2739
100080900,Ede,Cowden,ecowden1u@360.cn,243-457-5464
100081767,Gus,Fray,gfray1v@cbslocal.com,256-204-8052
100082634,Augustin,Umbers,aumbers1w@seesaa.net,202-314-8100
100083501,Simone,Clappison,sclappison1x@github.com,500-154-4263
100084368,Ashli,Wallsworth,awallsworth1y@elpais.com,163-788-3452
100085235,Sandor,Ribeiro,sribeiro1z@blogspot.com,188-738-8149
100086102,Audrie,Lesper,alesper20@youku.com,901-351-8775
100086969,Alfie,Arnhold,aarnhold21@abc.net.au,203-447-9851
100087836,Alvinia,Lindley,alindley22@webnode.com,840-789-6948
100088703,Sophia,Rossin,srossin23@loc.gov,684-287-8328
100089570,Missie,Dibling,mdibling24@businessinsider.com,434-483-3359
100090437,Alia,Sleite,asleite25@netscape.com,770-595-6396
100091304,Corilla,Gomme,cgomme26@fema.gov,859-222-0554
100092171,Noella,Abrami,nabrami27@nhs.uk,178-705-3135
100093038,Cosmo,Angeau,cangeau28@nationalgeographic.com,141-790-5571
100093905,Robbin,Harnott,rharnott29@miitbeian.gov.cn,450-221-5465
100094772,Sigismund,Currao,scurrao2a@earthlink.net,243-743-3576
100095639,Calhoun,Hordell,chordell2b@foxnews.com,715-426-1745
100096506,Bernardina,Singleton,bsingleton2c@flickr.com,502-280-9448
100097373,Clywd,Mertin,cmertin2d@wufoo.com,576-365-0903
100098240,Nealon,Redmell,nredmell2e@ucoz.ru,626-717-3053
100099107,Beatriz,Matei,bmatei2f@webs.com,283-790-3685
100099974,Maribel,Nevitt,mnevitt2g@virginia.edu,177-848-4970
100100841,Irwin,Yirrell,iyirrell2h@utexas.edu,402-756-7753
100101708,Brett,Cristea,bcristea2i@amazon.de,665-593-8858
100102575,Katy,Boughton,kboughton2j@mac.com,107-954-0725
100103442,Abbe,Simcox,asimcox2k@slate.com,329-687-4076
100104309,Flinn,Dahlen,fdahlen2l@bravesites.com,824-333-1876
100105176,Piotr,Tonepohl,ptonepohl2m@reddit.com,327-852-0004
100106043,Glenn,Bonifazio,gbonifazio2n@issuu.com,829-382-1727
100106910,Sabra,Bartoloma,sbartoloma2o@hp.com,364-717-4441
100107777,Maud,Andreone,mandreone2p@microsoft.com,150-420-9519
100108644,El,Mucklow,emucklow2q@buzzfeed.com,244-150-0255
100109511,Ashia,Pozer,apozer2r@msn.com,162-688-8870
100110378,Oralie,Pughsley,opughsley2s@histats.com,655-655-8021
100111245,Evania,Streater,estreater2t@symantec.com,931-836-0564
100112112,Zea,Cornforth,zcornforth2u@aboutads.info,816-673-3924
100112979,Nowell,Binnall,nbinnall2v@jiathis.com,729-913-5546
100113846,Forrest,Cumesky,fcumesky2w@marriott.com,893-930-7155
100114713,Brendan,Forestel,bforestel2x@pcworld.com,188-350-0623
100115580,Kerrin,Kibel,kkibel2y@ocn.ne.jp,608-614-7262
100116447,Chevy,Haffner,chaffner2z@bbb.org,476-322-7390
100117314,Matthus,Smedley,msmedley30@hao123.com,730-354-7807
100118181,Monika,Lowten,mlowten31@ted.com,943-412-4865
100119048,Alvera,Persence,apersence32@netvibes.com,621-152-4185
100119915,Clarine,Ryding,cryding33@sciencedirect.com,716-148-9162
100120782,Thorny,Tesh,ttesh34@blogger.com,923-918-3990
100121649,Sylvester,Coil,scoil35@forbes.com,339-406-8011
100122516,Bobbie,Gilphillan,bgilphillan36@dion.ne.jp,238-967-9213
100123383,Nita,Dellenbrook,ndellenbrook37@cafepress.com,251-651-6342
100124250,Mikel,Rawet,mrawet38@businessinsider.com,635-715-9124
100125117,Lorettalorna,Le land,lleland39@lycos.com,994-726-8534
100125984,Odilia,Baudains,obaudains3a@odnoklassniki.ru,746-180-5820
100126851,Teddy,MacFadzean,tmacfadzean3b@toplist.cz,898-717-5095
100127718,Nadia,Ruoss,nruoss3c@wufoo.com,420-829-2885
100128585,Mozes,Knudsen,mknudsen3d@mail.ru,368-635-1454
100129452,Loella,Devany,ldevany3e@slideshare.net,626-142-3275
100130319,Euell,Berkowitz,eberkowitz3f@yale.edu,460-504-1086
100131186,Britte,Middleditch,bmiddleditch3g@weather.com,984-880-9997
100132053,Bunni,Stovell,bstovell3h@google.com.hk,671-721-4408
100132920,Leah,Broughton,lbroughton3i@twitter.com,251-172-0976
100133787,Sinclair,Halford,shalford3j@yolasite.com,600-625-5045
100134654,Birk,Baden,bbaden3k@newsvine.com,867-597-6653
100135521,Kakalina,Kneesha,kkneesha3l@hp.com,474-313-0268
100136388,Russell,Odd,rodd3m@instagram.com,451-615-4765
100137255,Mamie,Godlee,mgodlee3n@nasa.gov,240-843-9559
100138122,Chlo,Gloy,cgloy3o@usnews.com,768-940-6583
100138989,Tremaine,Willder,twillder3p@weather.com,318-509-4677
100139856,Astrix,Bawle,abawle3q@dell.com,847-642-0875
100140723,Tremain,Pedwell,tpedwell3r@storify.com,116-461-8941
100141590,Clem,Grouvel,cgrouvel3s@webnode.com,153-981-5036
100142457,Dalli,Pretorius,dpretorius3t@i2i.jp,323-170-2572
100143324,Jordan,Hasnney,jhasnney3u@elpais.com,641-463-3536
100144191,Trude,Younglove,tyounglove3v@bigcartel.com,640-433-6134
100145058,Leola,Elliott,lelliott3w@discovery.com,631-347-8203
100145925,Langston,Stuckes,lstuckes3x@lycos.com,157-443-7434
100146792,Mireielle,Nutkins,mnutkins3y@squarespace.com,153-423-1022
100147659,Justina,Gonnin,jgonnin3z@blogtalkradio.com,882-263-7761
100148526,Franchot,Chrystal,fchrystal40@hao123.com,386-838-1047
100149393,Goldi,McCalister,gmccalister41@wunderground.com,165-598-6765
100150260,Guy,Brellin,gbrellin42@mit.edu,638-182-8127
100151127,Tybalt,Turone,tturone43@creativecommons.org,440-896-6002
100151994,Willow,Jacobovitz,wjacobovitz44@seesaa.net,534-910-2982
100152861,Murdoch,Elgey,melgey45@guardian.co.uk,815-654-3705
100153728,Owen,Grigoroni,ogrigoroni46@wordpress.com,957-449-1194
100154595,Maribel,Moggie,mmoggie47@umich.edu,547-851-3669
100155462,Glendon,Plaskett,gplaskett48@google.pl,776-855-5869
100156329,Giorgi,Newall,gnewall49@smh.com.au,264-338-9699
100157196,Pier,Staniforth,pstaniforth4a@photobucket.com,231-505-7244
100158063,Norris,Youell,nyouell4b@imageshack.us,403-362-8764
100158930,Cody,Antonioni,cantonioni4c@taobao.com,654-501-4917
100159797,Electra,Mynett,emynett4d@gov.uk,981-322-7876
100160664,Margaretta,Hirth,mhirth4e@is.gd,866-245-2819
100161531,Georges,Shugg,gshugg4f@webnode.com,208-928-5632
100162398,Latia,Lehr,llehr4g@pbs.org,683-372-9985
100163265,Britney,Bowman,bbowman4h@foxnews.com,977-995-8654
100164132,Hetti,Vain,hvain4i@theguardian.com,266-128-0484
100164999,Malanie,Gunstone,mgunstone4j@is.gd,774-367-4291
100165866,Kalli,d' Eye,kdeye4k@examiner.com,314-506-8417
100166733,Odell,Tremlett,otremlett4l@wired.com,547-157-7219
100167600,Bendite,Sparks,bsparks4m@trellian.com,689-197-4838
100168467,Thekla,Battin,tbattin4n@moonfruit.com,394-380-4628
100169334,Troy,Castaignet,tcastaignet4o@nature.com,365-419-9872
100170201,Blancha,Brigdale,bbrigdale4p@ucsd.edu,137-534-8145
100171068,Veronica,Pfleger,vpfleger4q@cam.ac.uk,757-608-5823
100171935,Moshe,Inchboard,minchboard4r@mail.ru,293-460-5740
100172802,Agata,Shipton,ashipton4s@hibu.com,132-999-6115
100173669,Ruy,Doe,rdoe4t@prnewswire.com,209-141-3249
100174536,Cassandra,Carnelley,ccarnelley4u@wikispaces.com,479-213-3101
100175403,Kathie,Claffey,kclaffey4v@europa.eu,933-391-4221
100176270,Gaspard,Polak,gpolak4w@myspace.com,833-506-0588
100177137,Iain,Malitrott,imalitrott4x@moonfruit.com,842-121-3653
100178004,Benjamen,Metherell,bmetherell4y@w3.org,952-710-0384
100178871,Adelina,Andreou,aandreou4z@comsenz.com,835-953-7273
100179738,Tan,Ormes,tormes50@samsung.com,407-724-7873
100180605,Doreen,Bowcock,dbowcock51@cdc.gov,443-216-1444
100181472,Ardelle,Udie,audie52@mediafire.com,775-756-8016
100182339,Pieter,Pirnie,ppirnie53@pcworld.com,292-523-4515
100183206,Orelee,Dahl,odahl54@google.nl,290-831-0687
100184073,Rubina,Coyte,rcoyte55@harvard.edu,532-736-6487
100184940,Jamey,Dalbey,jdalbey56@army.mil,160-310-5179
100185807,Maximilianus,Duthie,mduthie57@prnewswire.com,595-793-4946
100186674,Marven,Bauchop,mbauchop58@phoca.cz,432-626-8239
100187541,Briny,Sawney,bsawney59@ning.com,667-458-9957
100188408,Ailene,Calley,acalley5a@linkedin.com,918-413-4833
100189275,Darby,Moxley,dmoxley5b@nps.gov,324-619-3909
100190142,Nikita,Antonov,nantonov5c@booking.com,541-667-7899
100191009,Barbra,Bohler,bbohler5d@hostgator.com,480-685-9495
100191876,Sephira,Laneham,slaneham5e@bing.com,286-167-5661
100192743,Petr,Kwietek,pkwietek5f@cnbc.com,207-303-2768
100193610,Dame,Bullivent,dbullivent5g@elpais.com,914-684-0386
100194477,Moore,Varndell,mvarndell5h@msu.edu,113-993-4362
100195344,Hyacintha,Wilsey,hwilsey5i@xing.com,829-430-8892
100196211,Jayme,Allabarton,jallabarton5j@webs.com,336-812-3637
100197078,Marjorie,Cleyne,mcleyne5k@digg.com,878-963-0760
100197945,Welbie,Mayhow,wmayhow5l@ihg.com,155-397-1828
100198812,Galvin,Bolter,gbolter5m@fastcompany.com,965-586-1668
100199679,Nichol,Beernt,nbeernt5n@tamu.edu,671-875-9154
100200546,Archibold,Dowbekin,adowbekin5o@state.gov,162-553-9809
100201413,Teodorico,Huerta,thuerta5p@printfriendly.com,998-768-8160
100202280,Malissia,Tanti,mtanti5q@globo.com,247-301-5275
100203147,Simmonds,Knights,sknights5r@theatlantic.com,845-268-9783
100204014,Stacie,Snuggs,ssnuggs5s@csmonitor.com,467-982-5532
100204881,Giffie,Ramsbotham,gramsbotham5t@state.tx.us,567-853-5779
100205748,Webster,Vispo,wvispo5u@scribd.com,612-628-0083
100206615,Culver,Molesworth,cmolesworth5v@acquirethisname.com,887-848-9588
100207482,Rhody,McGorley,rmcgorley5w@reverbnation.com,266-563-9758
100208349,Jarid,Lohden,jlohden5x@meetup.com,486-650-6445
100209216,Abby,Capehorn,acapehorn5y@tripod.com,426-312-9216
100210083,Berte,Ricciardelli,bricciardelli5z@samsung.com,449-766-3629
100210950,Maiga,Hevner,mhevner60@sbwire.com,394-552-5974
100211817,Crissie,Ghelardoni,cghelardoni61@ihg.com,154-850-0521
100212684,Flint,Cerro,fcerro62@tumblr.com,707-519-3755
100213551,Eugene,Warrener,ewarrener63@feedburner.com,762-784-3423
100214418,Vinson,Friedlos,vfriedlos64@sciencedaily.com,360-107-9943
100215285,Cristian,Radmer,cradmer65@joomla.org,227-914-9506
100216152,Kandy,Forsaith,kforsaith66@shareasale.com,892-809-8254
100217019,Dre,Cabera,dcabera67@gravatar.com,825-405-9169
100217886,Kilian,Swire,kswire68@skype.com,363-236-9281
100218753,Gratia,Ferminger,gferminger69@addthis.com,929-699-7095
100219620,Tait,Clamp,tclamp6a@kickstarter.com,262-145-4468
100220487,Gordan,Swatheridge,gswatheridge6b@macromedia.com,408-353-7798
100221354,Alfreda,Loughhead,aloughhead6c@deviantart.com,200-605-1236
100222221,Tisha,Rushman,trushman6d@businessinsider.com,265-967-4051
100223088,Jakie,Greenall,jgreenall6e@surveymonkey.com,457-163-7155
100223955,Efren,Cunde,ecunde6f@foxnews.com,793-215-0208
100224822,Coletta,Tournay,ctournay6g@yellowpages.com,565-648-8024
100225689,Gawain,Werendell,gwerendell6h@wikipedia.org,703-420-8048
100226556,Orv,Yeo,oyeo6i@livejournal.com,664-754-1905
100227423,Kynthia,Manna,kmanna6j@cargocollective.com,898-724-1617
100228290,Binny,Gaukroger,bgaukroger6k@google.de,198-187-0198
100229157,Grier,Salerg,gsalerg6l@photobucket.com,591-517-5428
100230024,Cammy,Goodbarne,cgoodbarne6m@mozilla.org,910-856-3404
100230891,Staci,Heckner,sheckner6n@meetup.com,804-142-4173
100231758,Terra,McHan,tmchan6o@webnode.com,143-251-9466
100232625,Chico,Macy,cmacy6p@indiegogo.com,861-107-3461
100233492,Coop,Topper,ctopper6q@virginia.edu,820-703-0511
100234359,Raffarty,Emsley,remsley6r@symantec.com,815-371-9503
100235226,Brady,Priddie,bpriddie6s@ox.ac.uk,387-663-9545
100236093,Lanita,Keasley,lkeasley6t@biglobe.ne.jp,556-450-4717
100236960,Ethelred,Orgee,eorgee6u@godaddy.com,112-238-3300
100237827,Arlen,Henrichs,ahenrichs6v@feedburner.com,415-921-4133
100238694,Dulcy,Barrar,dbarrar6w@mlb.com,586-944-4090
100239561,Ferdy,Glyn,fglyn6x@google.co.uk,518-883-6533
100240428,Gayle,Rodolfi,grodolfi6y@reuters.com,233-210-6189
100241295,Kristal,Delleschi,kdelleschi6z@yale.edu,771-751-1777
100242162,Gunter,Lennard,glennard70@phoca.cz,830-242-1982
100243029,Granthem,Larmuth,glarmuth71@behance.net,383-482-5790
100243896,Honoria,Gorges,hgorges72@census.gov,484-229-6239
100244763,Betteanne,Jiggen,bjiggen73@salon.com,199-539-5845
100245630,Fidole,Cotty,fcotty74@facebook.com,796-129-5213
100246497,Karalynn,Tweddell,ktweddell75@telegraph.co.uk,545-576-9561
100247364,Federica,Hardinge,fhardinge76@dmoz.org,223-199-7562
100248231,Feliks,Packer,fpacker77@seesaa.net,462-360-6874
100249098,Ailey,Emsley,aemsley78@tuttocitta.it,206-722-9106
100249965,Monica,Godain,mgodain79@uol.com.br,575-459-6277
100250832,Vonnie,Rydzynski,vrydzynski7a@baidu.com,226-103-1885
100251699,Lianne,Welden,lwelden7b@dailymotion.com,170-972-3428
100252566,Alexandra,Wilshin,awilshin7c@answers.com,733-826-9209
100253433,Cirillo,Charleston,ccharleston7d@unc.edu,650-622-9646
100254300,Rochette,Pearle,rpearle7e@oakley.com,280-558-6967
100255167,Errol,Edgehill,eedgehill7f@gravatar.com,513-881-2388
100256034,Lambert,Marks,lmarks7g@ameblo.jp,190-217-3200
100256901,Audrie,Warham,awarham7h@harvard.edu,408-636-1502
100257768,Merlina,Akitt,makitt7i@edublogs.org,430-133-6896
100258635,Bryce,Ruger,bruger7j@springer.com,761-371-0153
100259502,Vilhelmina,Ohm,vohm7k@timesonline.co.uk,530-287-6607
100260369,Myrtie,Babonau,mbabonau7l@sakura.ne.jp,148-868-7712
100261236,Quintilla,Radenhurst,qradenhurst7m@nhs.uk,112-274-2587
100262103,Ferris,Sealey,fsealey7n@tmall.com,869-936-2818
100262970,Vic,Watkiss,vwatkiss7o@mozilla.org,209-524-6363
100263837,Bernetta,Kennard,bkennard7p@etsy.com,896-297-6043
100264704,Corly,Karleman,ckarleman7q@woothemes.com,189-889-1225
100265571,Kurtis,Kettlewell,kkettlewell7r@hugedomains.com,491-135-7296
100266438,Cacilie,Leveridge,cleveridge7s@sourceforge.net,164-461-5541
100267305,Annmaria,Hounsom,ahounsom7t@wp.com,105-130-3014
100268172,Salem,Rosas,srosas7u@shutterfly.com,599-156-3569
100269039,Cammie,Cereceres,ccereceres7v@4shared.com,428-931-8400
100269906,Padraig,Bate,pbate7w@utexas.edu,653-626-1899
100270773,Archibold,Gary,agary7x@vimeo.com,573-995-4080
100271640,Bonni,Catterell,bcatterell7y@theguardian.com,570-591-1084
100272507,Vanni,Ransley,vransley7z@flavors.me,495-305-7803
100273374,Michelle,Yate,myate80@amazon.com,743-606-1189
100274241,Isa,Zukierman,izukierman81@independent.co.uk,644-676-4006
100275108,Sullivan,Wallbrook,swallbrook82@tiny.cc,779-353-4869
100275975,Zaccaria,Glaum,zglaum83@dropbox.com,663-718-1040
100276842,Tyler,Esselen,tesselen84@mapquest.com,755-469-2336
100277709,Nicolette,Bessent,nbessent85@ox.ac.uk,359-557-5370
100278576,Nathaniel,Bucktharp,nbucktharp86@usa.gov,816-301-6952
100279443,Any,Byard,abyard87@taobao.com,634-185-1682
100280310,Duky,Morgans,dmorgans88@ihg.com,327-776-2692
100281177,Mead,Boniface,mboniface89@answers.com,268-450-7582
100282044,Velvet,Caw,vcaw8a@is.gd,192-739-3612
100282911,Genny,Meak,gmeak8b@accuweather.com,216-649-5046
100283778,Thorny,Videneev,tvideneev8c@google.co.uk,901-349-2971
100284645,Rockie,Lutwidge,rlutwidge8d@businesswire.com,966-599-6748
100285512,Ashlen,Capes,acapes8e@foxnews.com,806-947-5388
100286379,Robinette,Girardetti,rgirardetti8f@si.edu,225-167-8582
100287246,Chariot,Woodyear,cwoodyear8g@google.com.au,293-562-2224
100288113,Valeria,Magson,vmagson8h@ow.ly,335-113-3156
100288980,Mitch,Bootherstone,mbootherstone8i@bbb.org,956-603-4905
100289847,Annetta,Clewarth,aclewarth8j@comcast.net,561-170-1209
100290714,Hank,Kilford,hkilford8k@ucoz.com,719-727-0568
100291581,Peri,Luck,pluck8l@opera.com,871-944-5968
100292448,Analiese,Guido,aguido8m@gizmodo.com,471-713-5110
100293315,Lukas,McPheat,lmcpheat8n@clickbank.net,286-252-2506
100294182,Sallyann,Locks,slocks8o@twitpic.com,714-236-8615
100295049,Ashlen,Wicks,awicks8p@upenn.edu,803-732-2808
100295916,Frank,Cianelli,fcianelli8q@fotki.com,692-976-9111
100296783,Zonda,Ryles,zryles8r@cisco.com,748-897-4400
100297650,Rodrique,Kisar,rkisar8s@alexa.com,525-924-3494
100298517,Linette,Brager,lbrager8t@meetup.com,472-298-2430
100299384,Roshelle,Hitzmann,rhitzmann8u@baidu.com,538-719-7870
100300251,Northrop,Letham,nletham8v@twitter.com,784-155-5233
100301118,Cletis,Frift,cfrift8w@imageshack.us,209-160-5686
100301985,Montague,Symonds,msymonds8x@flickr.com,444-484-8472
100302852,Celka,Honniebal,chonniebal8y@livejournal.com,779-864-9577
100303719,Lula,Asey,lasey8z@patch.com,647-488-3336
100304586,Lettie,Corbyn,lcorbyn90@state.tx.us,145-550-2325
100305453,Raddy,Lyte,rlyte91@tinypic.com,479-630-3883
100306320,Dedra,Paternoster,dpaternoster92@yahoo.co.jp,603-615-2212
100307187,Leupold,Heaford,lheaford93@sphinn.com,408-377-1636
100308054,Corbet,Gelling,cgelling94@nbcnews.com,878-493-0040
100308921,Ianthe,Gilliat,igilliat95@umich.edu,946-550-3451
100309788,Koral,Coils,kcoils96@networkadvertising.org,307-278-1338
100310655,Uriel,Foffano,ufoffano97@usgs.gov,423-383-4914
100311522,Haily,Mountjoy,hmountjoy98@hubpages.com,830-699-8933
100312389,Garrott,Ovid,govid99@microsoft.com,763-747-1587
100313256,Zonnya,Duigan,zduigan9a@google.nl,454-477-2803
100314123,Collin,Philpotts,cphilpotts9b@samsung.com,605-609-3677
100314990,Joellen,Henri,jhenri9c@biblegateway.com,501-683-9915
100315857,Marilin,Beckinsall,mbeckinsall9d@adobe.com,368-131-5788
100316724,Thain,Salomon,tsalomon9e@harvard.edu,158-808-9581
100317591,Shellysheldon,Siddeley,ssiddeley9f@wp.com,505-585-1318
100318458,Clevey,Hatherill,chatherill9g@bing.com,596-657-2088
100319325,Wendel,Fairs,wfairs9h@slideshare.net,258-460-0969
100320192,Ami,Butcher,abutcher9i@usda.gov,241-291-2476
100321059,Guinna,Robke,grobke9j@google.co.jp,611-364-9628
100321926,Gustavo,Francescoccio,gfrancescoccio9k@abc.net.au,354-157-8640
100322793,Benjamen,Bachman,bbachman9l@wikipedia.org,159-479-6807
100323660,Adriaens,Benez,abenez9m@omniture.com,702-773-8399
100324527,Leo,Murphey,lmurphey9n@timesonline.co.uk,930-581-1751
100325394,Pam,Jancso,pjancso9o@lycos.com,778-225-2795
100326261,Darsie,Cockhill,dcockhill9p@domainmarket.com,120-794-5928
100327128,Halimeda,MacCartan,hmaccartan9q@ebay.com,927-753-5438
100327995,Gal,Sayles,gsayles9r@twitpic.com,998-293-3497
100328862,Amberly,Storrier,astorrier9s@shutterfly.com,818-472-2861
100329729,Selinda,Kampshell,skampshell9t@columbia.edu,478-553-6817
100330596,Gwenette,Ricketts,gricketts9u@cnet.com,863-698-6100
100331463,Morie,Crawforth,mcrawforth9v@cam.ac.uk,445-755-5430
100332330,Lowell,Vaugham,lvaugham9w@pagesperso-orange.fr,514-245-0430
100333197,Corena,Clubb,cclubb9x@chronoengine.com,995-127-5869
100334064,Lin,Brettoner,lbrettoner9y@aol.com,335-123-9700
100334931,Paolina,Stollenhof,pstollenhof9z@cloudflare.com,291-292-0740
100335798,Desmond,Rylands,drylandsa0@omniture.com,686-610-0266
100336665,Sally,Tompsett,stompsetta1@dot.gov,862-334-2327
100337532,Jemima,Ham,jhama2@cbsnews.com,103-842-4530
100338399,Herold,Colvie,hcolviea3@cpanel.net,189-879-9208
100339266,Idell,Giroldo,igiroldoa4@usnews.com,248-328-1553
100340133,Winfield,Argent,wargenta5@facebook.com,879-444-1120
100341000,Floyd,Hauxby,fhauxbya6@indiegogo.com,850-998-5454
100341867,Beck,Biernat,bbiernata7@etsy.com,679-852-9328
100342734,Von,Peto,vpetoa8@simplemachines.org,999-818-5014
100343601,Merilee,Pawel,mpawela9@ow.ly,229-253-9767
100344468,Linell,Khadir,lkhadiraa@china.com.cn,188-453-9845
100345335,Nessi,Gilhooly,ngilhoolyab@dion.ne.jp,341-445-9255
100346202,Konstance,Valenti,kvalentiac@dailymail.co.uk,312-902-8028
100347069,Rees,Stealy,rstealyad@people.com.cn,666-921-1989
100347936,Cloe,Drover,cdroverae@google.com,223-640-4710
100348803,Carree,Milstead,cmilsteadaf@ustream.tv,616-732-4571
100349670,Marci,Greetland,mgreetlandag@springer.com,655-210-7366
100350537,Novelia,Crotch,ncrotchah@posterous.com,613-226-0131
100351404,Trudey,Ginni,tginniai@ihg.com,121-611-6642
100352271,Conchita,Dowse,cdowseaj@lulu.com,671-586-3211
100353138,Liza,Friel,lfrielak@mapy.cz,710-456-5577
100354005,Natala,Thombleson,nthomblesonal@odnoklassniki.ru,685-757-5052
100354872,Roana,Jasiak,rjasiakam@aol.com,995-438-0810
100355739,Antonie,Birtle,abirtlean@lulu.com,778-177-0559
100356606,Jobyna,Farnin,jfarninao@paypal.com,241-937-2536
100357473,Frederico,Oman,fomanap@google.com.hk,391-701-9536
100358340,Tabby,Fishbourne,tfishbourneaq@tinypic.com,232-762-4905
100359207,Shelli,Scarborough,sscarboroughar@baidu.com,804-101-6273
100360074,Milka,Arkin,markinas@vkontakte.ru,804-380-3767
100360941,Cosimo,Durak,cdurakat@nba.com,210-911-0036
100361808,Parsifal,Legen,plegenau@xing.com,189-490-5027
100362675,Roana,Housbie,rhousbieav@narod.ru,636-703-3255
100363542,Kara-lynn,Bentke,kbentkeaw@nbcnews.com,156-558-7367
100364409,Helyn,Menilove,hmeniloveax@themeforest.net,619-546-6362
100365276,Purcell,Egan,peganay@washington.edu,172-993-3264
100366143,Myrna,Letessier,mletessieraz@goo.ne.jp,197-490-2116
100367010,Sollie,Hamil,shamilb0@clickbank.net,992-443-2268
100367877,Bonni,Tipping,btippingb1@topsy.com,296-510-6443
100368744,Rube,Bellhouse,rbellhouseb2@cornell.edu,228-377-0757
100369611,Tyson,Spriggin,tsprigginb3@unesco.org,322-938-9501
100370478,Arliene,Franzel,afranzelb4@multiply.com,445-829-7242
100371345,Laurice,Hodjetts,lhodjettsb5@virginia.edu,368-933-1196
100372212,Robb,Boschmann,rboschmannb6@hubpages.com,324-891-7236
100373079,Eli,Mulholland,emulhollandb7@whitehouse.gov,700-198-0575
100373946,Thaddus,Torricella,ttorricellab8@usa.gov,656-441-2895
100374813,Mylo,Ramelet,mrameletb9@mapy.cz,442-918-7873
100375680,Esra,Flexman,eflexmanba@diigo.com,647-558-0424
100376547,Alberta,Morgans,amorgansbb@spotify.com,838-284-1085
100377414,Morganne,Fairnington,mfairningtonbc@indiatimes.com,761-185-3877
100378281,Kimball,Kleinmann,kkleinmannbd@soup.io,704-678-4029
100379148,Christiana,Knudsen,cknudsenbe@meetup.com,956-261-0302
100380015,Vanda,Bynold,vbynoldbf@scribd.com,288-525-4884
100380882,Filberte,Thame,fthamebg@themeforest.net,142-693-2377
100381749,Aguie,Polkinhorn,apolkinhornbh@ustream.tv,258-520-7367
100382616,Osbert,Oldroyde,ooldroydebi@nature.com,702-418-7653
100383483,Mufi,Pucknell,mpucknellbj@xing.com,711-328-1682
100384350,Margie,Reffe,mreffebk@soundcloud.com,231-785-2060
100385217,Merrilee,Broomhall,mbroomhallbl@omniture.com,432-874-0300
100386084,Lizbeth,Dundredge,ldundredgebm@elpais.com,673-536-7018
100386951,Lockwood,Wetter,lwetterbn@china.com.cn,162-206-1840
100387818,Stern,Agiolfinger,sagiolfingerbo@usda.gov,932-320-8666
100388685,Read,Flewitt,rflewittbp@ocn.ne.jp,828-445-2047
100389552,Dick,Burkill,dburkillbq@guardian.co.uk,373-568-2385
100390419,Nicoline,Baudrey,nbaudreybr@nydailynews.com,755-504-0577
100391286,Giralda,Lecky,gleckybs@elegantthemes.com,896-316-7246
100392153,Nial,Hammerton,nhammertonbt@buzzfeed.com,807-166-5428
100393020,Ardella,Cutill,acutillbu@mit.edu,865-681-3874
100393887,Darcey,Bolmann,dbolmannbv@rediff.com,660-248-6122
100394754,Zebulon,Calverley,zcalverleybw@wisc.edu,643-499-6498
100395621,Frederico,Rhucroft,frhucroftbx@w3.org,159-828-2529
100396488,Theodor,Filkov,tfilkovby@dmoz.org,449-904-0188
100397355,Crissie,Belly,cbellybz@toplist.cz,373-362-7402
100398222,Paloma,Geator,pgeatorc0@webnode.com,933-461-3702
100399089,Brandais,Cozens,bcozensc1@buzzfeed.com,961-343-7954
100399956,Nickie,Baldree,nbaldreec2@home.pl,682-223-6057
100400823,Rollie,Denzey,rdenzeyc3@de.vu,912-216-0943
100401690,Yevette,Blakeman,yblakemanc4@springer.com,454-287-2051
100402557,Teriann,Hastler,thastlerc5@wikipedia.org,368-143-3676
100403424,Tobey,Gorling,tgorlingc6@kickstarter.com,116-379-6736
100404291,Billy,Trudgeon,btrudgeonc7@berkeley.edu,173-879-2189
100405158,Milty,Rosencrantz,mrosencrantzc8@topsy.com,724-798-5863
100406025,Allegra,Comiskey,acomiskeyc9@shutterfly.com,929-329-3790
100406892,Somerset,Gerin,sgerinca@sciencedirect.com,221-582-9386
100407759,Alejandra,Banham,abanhamcb@huffingtonpost.com,104-638-5527
100408626,Oralia,Ybarra,oybarracc@last.fm,256-726-0645
100409493,Dominick,Charlin,dcharlincd@mediafire.com,697-318-6624
100410360,Hernando,Mablestone,hmablestonece@multiply.com,714-693-8762
100411227,Lesli,Ripsher,lripshercf@rakuten.co.jp,696-201-1790
100412094,Isabelita,Fisby,ifisbycg@vimeo.com,115-216-6650
100412961,Lizette,Smalcombe,lsmalcombech@chronoengine.com,926-801-4508
100413828,Sadella,Havile,shavileci@arstechnica.com,738-390-1027
100414695,Lind,Thomel,lthomelcj@chronoengine.com,287-364-4951
100415562,Benson,Brokenshaw,bbrokenshawck@ft.com,627-819-0489
100416429,Aluino,McNay,amcnaycl@umn.edu,429-136-2057
100417296,Jasmin,Pawnsford,jpawnsfordcm@flickr.com,960-147-5405
100418163,Farly,Sinkins,fsinkinscn@cbc.ca,806-986-4232
100419030,Major,Seedman,mseedmanco@cbc.ca,241-261-6092
100419897,Joelie,De Metz,jdemetzcp@paginegialle.it,365-622-7281
100420764,Romona,Shelly,rshellycq@nih.gov,900-757-8098
100421631,Barclay,Fisbey,bfisbeycr@vkontakte.ru,377-162-2344
100422498,Ezequiel,Burdus,eburduscs@friendfeed.com,836-119-4116
100423365,Angil,Paulou,apaulouct@ebay.co.uk,547-936-9055
100424232,Isahella,Timlett,itimlettcu@dmoz.org,101-262-8523
100425099,Lazare,Moyles,lmoylescv@seattletimes.com,410-276-4358
100425966,Maureen,McErlaine,mmcerlainecw@nasa.gov,576-136-5125
100426833,Dickie,Cleef,dcleefcx@blogger.com,970-751-5996
100427700,Lenora,Banfield,lbanfieldcy@gov.uk,217-294-9228
100428567,Shelly,Kendall,skendallcz@cpanel.net,782-346-1122
100429434,Valentia,Kear,vkeard0@opera.com,967-357-4773
100430301,Jessa,Whitley,jwhitleyd1@mlb.com,856-513-8213
100431168,Roger,Sterte,rsterted2@noaa.gov,816-467-0338
100432035,Leonhard,Merriday,lmerridayd3@pinterest.com,332-922-1932
100432902,Had,Feldbaum,hfeldbaumd4@google.ca,651-888-7950
100433769,Byrann,Ferrettini,bferrettinid5@blogs.com,315-385-0176
100434636,Alden,Francais,afrancaisd6@google.com.br,407-206-6524
100435503,Lindi,Stansbury,lstansburyd7@salon.com,207-747-7590
100436370,Mayne,Andrioletti,mandriolettid8@sun.com,190-359-5776
100437237,Westbrook,Brandle,wbrandled9@wufoo.com,657-359-7396
100438104,Mariellen,Aughton,maughtonda@paginegialle.it,184-667-1193
100438971,Meriel,Bello,mbellodb@sun.com,628-779-0973
100439838,Irwin,Shuker,ishukerdc@google.ca,864-398-0116
100440705,Gabie,Tolputt,gtolputtdd@springer.com,881-236-9425
100441572,Deana,Bassill,dbassillde@japanpost.jp,732-753-0589
100442439,David,Balog,dbalogdf@mac.com,262-168-2671
100443306,Ninnette,Brahm,nbrahmdg@amazonaws.com,450-931-0065
100444173,Melessa,Biddy,mbiddydh@fotki.com,753-224-5274
100445040,Ibby,Grange,igrangedi@nih.gov,838-661-9706
100445907,Robinia,Bodicam,rbodicamdj@live.com,250-339-6900
100446774,Jasun,Buckingham,jbuckinghamdk@webnode.com,664-222-0987
100447641,Norris,Donneely,ndonneelydl@google.fr,243-721-6657
100448508,Kip,Acosta,kacostadm@simplemachines.org,217-112-0714
100449375,Jessa,Perrelli,jperrellidn@noaa.gov,678-150-3326
100450242,Herschel,Howbrook,hhowbrookdo@moonfruit.com,314-187-5611
100451109,Leroy,Dumbrall,ldumbralldp@msn.com,112-549-1211
100451976,Townie,Anniwell,tanniwelldq@purevolume.com,670-356-1357
100452843,Far,Morat,fmoratdr@constantcontact.com,383-646-7366
100453710,Rik,Trangmar,rtrangmards@joomla.org,220-255-0405
100454577,Ilyssa,Surcombe,isurcombedt@studiopress.com,839-701-4463
100455444,Kendrick,Petrushkevich,kpetrushkevichdu@google.pl,788-152-0535
100456311,Cornall,Ludgate,cludgatedv@usatoday.com,117-266-2298
100457178,Carie,Mangeot,cmangeotdw@edublogs.org,301-464-0866
100458045,Romain,Mould,rmoulddx@google.com.hk,254-789-9506
100458912,Wilmette,Sandars,wsandarsdy@hao123.com,521-678-7614
100459779,Bartholemy,Poor,bpoordz@addtoany.com,438-372-2314
100460646,Harriette,Scantlebury,hscantleburye0@senate.gov,717-451-2192
100461513,Brittan,Tessyman,btessymane1@nih.gov,211-861-6162
100462380,Danie,O'Hanlon,dohanlone2@slate.com,779-993-9089
100463247,Evie,Swansbury,eswansburye3@ezinearticles.com,777-135-9876
100464114,Aridatha,Cracoe,acracoee4@chron.com,615-150-7839
100464981,Dulcia,Wylder,dwyldere5@nyu.edu,917-171-2423
100465848,Orelie,Gumbley,ogumbleye6@over-blog.com,978-549-1245
100466715,Ruthie,Gyves,rgyvese7@nifty.com,631-415-6657
100467582,Ian,Barwick,ibarwicke8@boston.com,594-633-4313
100468449,Cale,Syer,csyere9@booking.com,839-753-3811
100469316,Tim,Boutell,tboutellea@e-recht24.de,343-827-4483
100470183,Andeee,Haskey,ahaskeyeb@deviantart.com,381-268-1388
100471050,Billy,Baglan,bbaglanec@ted.com,278-810-9607
100471917,Gualterio,Wigan,gwiganed@aboutads.info,936-469-2687
100472784,Merrielle,Trevallion,mtrevallionee@behance.net,720-893-1993
100473651,Lynea,Heugle,lheugleef@cdc.gov,854-235-0533
100474518,Guillermo,Cargenven,gcargenveneg@marketwatch.com,283-423-8901
100475385,Licha,Tatlock,ltatlockeh@networkadvertising.org,827-670-0549
100476252,Nobe,Tolefree,ntolefreeei@toplist.cz,801-385-8477
100477119,Otto,Fuggle,ofuggleej@163.com,387-618-5259
100477986,Marci,Lascelles,mlascellesek@prweb.com,153-930-1357
100478853,Davidde,Jansey,djanseyel@oracle.com,264-214-1447
100479720,Nina,Rominov,nrominovem@mediafire.com,660-425-6369
100480587,Johnny,Gregorowicz,jgregorowiczen@list-manage.com,591-215-7200
100481454,West,De La Cote,wdelacoteeo@addtoany.com,372-890-0901
100482321,Gordie,Lean,gleanep@digg.com,388-702-3689
100483188,Armando,Hoble,ahobleeq@mayoclinic.com,236-871-0697
100484055,Maryl,Amsden,mamsdener@google.es,612-361-6292
100484922,Carine,Mc Combe,cmccombees@furl.net,429-821-2335
100485789,Chariot,Brightling,cbrightlinget@domainmarket.com,735-710-1667
100486656,Terrance,Duplan,tduplaneu@webnode.com,952-269-0944
100487523,Costa,Jolland,cjollandev@unicef.org,533-905-9951
100488390,Devi,Dufton,dduftonew@artisteer.com,900-896-4519
100489257,Kerianne,Cruikshank,kcruikshankex@dmoz.org,882-765-0510
100490124,Demetria,Bummfrey,dbummfreyey@latimes.com,151-495-1475
100490991,Brandise,Skellon,bskellonez@cpanel.net,718-662-4608
100491858,Wake,Linnard,wlinnardf0@wikimedia.org,591-705-3830
100492725,Codi,Scolland,cscollandf1@apple.com,851-873-8115
100493592,Johann,Nacey,jnaceyf2@discovery.com,977-378-4587
100494459,Nance,Gomery,ngomeryf3@psu.edu,948-562-4162
100495326,Sherman,Macrow,smacrowf4@moonfruit.com,407-344-6920
100496193,Melina,Crayk,mcraykf5@yale.edu,277-220-1568
100497060,Robinet,Ailmer,railmerf6@engadget.com,398-161-2777
100497927,Maud,Samways,msamwaysf7@gov.uk,123-421-7830
100498794,Deb,Bloyes,dbloyesf8@amazon.com,907-635-7810
100499661,Linet,Kertess,lkertessf9@disqus.com,713-431-4912
100500528,Kennie,Bootherstone,kbootherstonefa@youku.com,457-492-3965
100501395,Marys,Pitway,mpitwayfb@answers.com,175-145-9999
100502262,Agnella,Skrine,askrinefc@altervista.org,384-306-2939
100503129,Ortensia,Curnow,ocurnowfd@meetup.com,565-282-7470
100503996,Bendix,Raun,braunfe@columbia.edu,804-754-1901
100504863,Raymund,Kerrich,rkerrichff@typepad.com,231-792-0673
100505730,Ezmeralda,Ebbrell,eebbrellfg@springer.com,250-112-6932
100506597,Kristin,Antonsen,kantonsenfh@dot.gov,962-380-6064
100507464,Dorene,Rann,drannfi@europa.eu,613-121-8771
100508331,Berky,Stathor,bstathorfj@tumblr.com,448-338-8480
100509198,Kyle,Daltry,kdaltryfk@theguardian.com,758-339-6139
100510065,Abbe,Helling,ahellingfl@opera.com,390-699-5517
100510932,Ulrika,Lindgren,ulindgrenfm@nba.com,105-372-2065
100511799,Paddy,Defries,pdefriesfn@mapy.cz,942-159-5872
100512666,Bernete,Bassom,bbassomfo@google.it,336-680-9489
100513533,Melodie,Glowacha,mglowachafp@csmonitor.com,713-896-0220
100514400,Jasmine,Iliff,jilifffq@google.com,371-951-1063
100515267,Wilhelm,Kupka,wkupkafr@linkedin.com,466-599-9856
100516134,Marline,Scrowton,mscrowtonfs@gov.uk,142-616-9058
100517001,Ofilia,Rickets,oricketsft@utexas.edu,743-236-2193
100517868,Kylie,Seggie,kseggiefu@gnu.org,704-622-0450
100518735,Herold,Sarten,hsartenfv@is.gd,947-368-2017
100519602,Mary,Werndley,mwerndleyfw@networkadvertising.org,248-450-6799
100520469,Bobby,Davydzenko,bdavydzenkofx@quantcast.com,291-342-9087
100521336,Melisande,Soloway,msolowayfy@quantcast.com,364-930-6928
100522203,Antonius,Emlin,aemlinfz@dyndns.org,814-803-4714
100523070,Jemie,Geggie,jgeggieg0@bizjournals.com,939-416-4468
100523937,Raffarty,Kimmel,rkimmelg1@shop-pro.jp,970-143-1313
100524804,Barbi,Geany,bgeanyg2@utexas.edu,354-260-1816
100525671,Linc,Gracewood,lgracewoodg3@pinterest.com,732-814-9119
100526538,Charmane,Arlidge,carlidgeg4@meetup.com,952-368-5684
100527405,Karlotte,Wishkar,kwishkarg5@freewebs.com,410-517-8214
100528272,Holly,Just,hjustg6@joomla.org,222-694-9013
100529139,Michaella,Pudney,mpudneyg7@tripadvisor.com,934-485-1052
100530006,Meier,Kosiada,mkosiadag8@pen.io,753-249-3162
100530873,Dreddy,Valadez,dvaladezg9@about.me,887-856-5320
100531740,Rick,Ellinor,rellinorga@google.fr,823-855-5101
100532607,Arly,Fleetham,afleethamgb@nymag.com,453-898-1376
100533474,Daniele,Yakobovitz,dyakobovitzgc@census.gov,863-163-1474
100534341,Darryl,Refford,dreffordgd@miitbeian.gov.cn,180-361-3274
100535208,Jacklin,Iamittii,jiamittiige@qq.com,335-173-3379
100536075,Joela,Sey,jseygf@walmart.com,836-169-2079
100536942,Daryle,Corrin,dcorringg@ucsd.edu,493-815-1909
100537809,Tessie,Verna,tvernagh@ustream.tv,346-242-3936
100538676,Kial,McCahill,kmccahillgi@fotki.com,746-324-6423
100539543,Edithe,Summers,esummersgj@lycos.com,964-382-0323
100540410,Gallard,Lockey,glockeygk@devhub.com,444-548-5300
100541277,Blaine,Breakey,bbreakeygl@wired.com,672-723-1185
100542144,Korey,Van der Brug,kvanderbruggm@fastcompany.com,986-813-3329
100543011,Hillyer,Tilston,htilstongn@tripod.com,525-113-4062
100543878,Gideon,Steeden,gsteedengo@t-online.de,897-657-5212
100544745,Melantha,Mixture,mmixturegp@examiner.com,450-467-3349
100545612,Danica,Zellner,dzellnergq@deviantart.com,981-693-2457
100546479,Rosana,Eadmead,readmeadgr@merriam-webster.com,414-883-9835
100547346,Koren,Magarrell,kmagarrellgs@rakuten.co.jp,921-871-0054
100548213,Callida,Pitson,cpitsongt@cloudflare.com,136-770-0416
100549080,Jessamine,Waryk,jwarykgu@ehow.com,285-545-1007
100549947,Nealy,Tythacott,ntythacottgv@nps.gov,932-575-0591
100550814,Roderick,Dunrige,rdunrigegw@dmoz.org,126-625-2272
100551681,Tommie,Roggeman,troggemangx@discuz.net,425-546-8522
100552548,Patti,Goodfield,pgoodfieldgy@mashable.com,721-361-9315
100553415,Emili,Chadderton,echaddertongz@oaic.gov.au,621-525-0602
100554282,Manny,Geindre,mgeindreh0@microsoft.com,276-230-4197
100555149,Hoyt,Alecock,halecockh1@weebly.com,538-576-7613
100556016,Meris,McOmish,mmcomishh2@nymag.com,988-390-9987
100556883,Josiah,Weall,jweallh3@ow.ly,401-756-3445
100557750,Allin,Ringsell,aringsellh4@hexun.com,684-721-7965
100558617,Trumann,Curneen,tcurneenh5@imdb.com,336-505-9069
100559484,Demetri,Shord,dshordh6@cam.ac.uk,785-315-9340
100560351,Horatio,Skitch,hskitchh7@ucoz.com,834-991-9639
100561218,Annemarie,Aslen,aaslenh8@cornell.edu,186-923-1372
100562085,Constancia,Oloshin,coloshinh9@meetup.com,193-734-4509
100562952,Bernita,Ovell,bovellha@slashdot.org,511-866-0954
100563819,Lari,Aldritt,laldritthb@hc360.com,760-121-4408
100564686,Lavinie,Jillitt,ljillitthc@networksolutions.com,281-856-4198
100565553,Catherina,Brierley,cbrierleyhd@ocn.ne.jp,126-756-8383
100566420,Caroljean,Entissle,centisslehe@mozilla.org,767-616-8830
100567287,Fancie,Leech,fleechhf@flickr.com,759-596-0630
100568154,Bette-ann,Skarman,bskarmanhg@aboutads.info,225-679-6467
100569021,Phyllida,Martinolli,pmartinollihh@scribd.com,735-293-0613
100569888,Patin,Denington,pdeningtonhi@house.gov,827-582-9796
100570755,Clemence,Bridle,cbridlehj@indiegogo.com,852-792-1588
100571622,Neddie,Foye,nfoyehk@ycombinator.com,917-578-4895
100572489,Lauren,Dabel,ldabelhl@redcross.org,524-794-1123
100573356,Edith,Makeswell,emakeswellhm@ed.gov,289-424-9055
100574223,Teodoro,Harler,tharlerhn@devhub.com,525-507-2516
100575090,Jeanna,Ing,jingho@icq.com,504-978-0686
100575957,Verine,Baldin,vbaldinhp@mail.ru,725-520-3904
100576824,Noelyn,Arrandale,narrandalehq@mapquest.com,963-445-6696
100577691,Perla,Vail,pvailhr@businessinsider.com,104-308-1433
100578558,Gasparo,Beldham,gbeldhamhs@addtoany.com,315-952-5065
100579425,Cortney,Jandourek,cjandourekht@comcast.net,781-273-3701
100580292,Hilary,Beel,hbeelhu@squarespace.com,703-610-8242
100581159,Kellsie,Brimacombe,kbrimacombehv@networksolutions.com,710-132-8986
100582026,Viva,Cuerda,vcuerdahw@illinois.edu,795-489-8964
100582893,Raff,Epp,repphx@washington.edu,508-983-0354
100583760,Irving,Cleaton,icleatonhy@pagesperso-orange.fr,133-846-1908
100584627,Shelden,Youel,syouelhz@fotki.com,433-726-0595
100585494,Kevan,Gierth,kgierthi0@tumblr.com,907-270-3837
100586361,Barbabas,Aylmore,baylmorei1@mozilla.org,220-426-9050
100587228,Minetta,Reinger,mreingeri2@fc2.com,345-286-1144
100588095,Marilee,Yeowell,myeowelli3@bravesites.com,992-149-6111
100588962,Octavius,Hayselden,ohayseldeni4@economist.com,554-110-3473
100589829,Beltran,Povall,bpovalli5@creativecommons.org,498-431-8143
100590696,Knox,Greatbach,kgreatbachi6@wikispaces.com,216-116-5297
100591563,Randal,Tutin,rtutini7@weibo.com,727-983-3230
100592430,Drucy,Humphery,dhumpheryi8@amazonaws.com,714-213-4952
100593297,Cointon,Miere,cmierei9@zimbio.com,537-712-6179
100594164,Sandy,Sprull,ssprullia@blog.com,844-495-3944
100595031,Fredericka,Anderton,fandertonib@feedburner.com,521-575-3879
100595898,Davida,Rowberry,drowberryic@army.mil,616-392-5518
100596765,Hardy,Hubbins,hhubbinsid@tumblr.com,333-897-9866
100597632,Charity,Cregan,ccreganie@slideshare.net,806-516-6263
100598499,Lyndell,Gally,lgallyif@ucla.edu,383-390-9821
100599366,Virgilio,Steddall,vsteddallig@livejournal.com,533-787-7976
100600233,Gill,Aylott,gaylottih@mit.edu,665-387-8406
100601100,Arly,Gelderd,agelderdii@wired.com,997-200-6099
100601967,Myer,Gleed,mgleedij@fastcompany.com,493-112-7670
100602834,Tabbie,Elsmore,telsmoreik@intel.com,398-762-0150
100603701,Solly,Methven,smethvenil@google.co.jp,429-558-6323
100604568,Vevay,Prevett,vprevettim@blogspot.com,547-679-4042
100605435,Alidia,Mechic,amechicin@dedecms.com,198-950-1912
100606302,Binny,Holtham,bholthamio@example.com,936-760-6561
100607169,Carma,Jane,cjaneip@google.it,964-420-3786
100608036,Valeda,Bramley,vbramleyiq@shareasale.com,739-852-5172
100608903,Arleen,Michelmore,amichelmoreir@patch.com,581-774-8420
100609770,Tani,Parkman,tparkmanis@cnn.com,111-763-7904
100610637,Marni,Agate,magateit@bloglines.com,271-477-3600
100611504,Clair,Rysom,crysomiu@boston.com,407-449-5441
100612371,Benedetta,Brenston,bbrenstoniv@mozilla.com,284-912-4560
100613238,Katinka,Mattingly,kmattinglyiw@about.me,991-650-3613
100614105,Caprice,O'Shea,cosheaix@nyu.edu,132-744-3190
100614972,Tammie,Kemwall,tkemwalliy@msn.com,385-399-4262
100615839,Vachel,Drinkwater,vdrinkwateriz@aol.com,796-980-6368
100616706,Danya,Lyall,dlyallj0@cbslocal.com,611-457-4481
100617573,Worden,McArd,wmcardj1@geocities.jp,181-417-5071
100618440,Felicia,Telling,ftellingj2@webnode.com,749-675-8456
100619307,Tish,Danilevich,tdanilevichj3@independent.co.uk,644-331-8369
100620174,Guthry,Croke,gcrokej4@buzzfeed.com,285-827-1463
100621041,Kipp,Aartsen,kaartsenj5@sohu.com,610-461-5359
100621908,Guillemette,Nutting,gnuttingj6@abc.net.au,898-130-0921
100622775,Willdon,Suarez,wsuarezj7@unblog.fr,101-756-1028
100623642,Martyn,Muzzall,mmuzzallj8@360.cn,169-779-2840
100624509,Ophelie,Cake,ocakej9@ox.ac.uk,112-802-6170
100625376,Allyce,Synan,asynanja@meetup.com,199-661-3659
100626243,Joli,Dibbe,jdibbejb@chron.com,646-872-6111
100627110,Drona,Tingcomb,dtingcombjc@gov.uk,164-703-8368
100627977,Alameda,Pichmann,apichmannjd@themeforest.net,395-905-5268
100628844,Prentiss,Rippon,pripponje@163.com,639-360-3889
100629711,Kimbra,MacVay,kmacvayjf@canalblog.com,359-797-7626
100630578,Jackelyn,Oylett,joylettjg@acquirethisname.com,851-343-5195
100631445,Elsi,Bagot,ebagotjh@businessinsider.com,710-187-1102
100632312,Raquela,Ram,rramji@jimdo.com,196-284-3113
100633179,Magdaia,Bowmaker,mbowmakerjj@elpais.com,435-742-1282
100634046,Tish,Wraggs,twraggsjk@ameblo.jp,635-441-6823
100634913,Enrico,MacCallion,emaccallionjl@hubpages.com,738-580-6422
100635780,Drucie,Paling,dpalingjm@usnews.com,204-599-6498
100636647,Wilmer,Griggs,wgriggsjn@flavors.me,347-882-6177
100637514,Netta,Sidey,nsideyjo@indiegogo.com,297-989-3609
100638381,Fonzie,Durtnall,fdurtnalljp@marketwatch.com,260-811-7711
100639248,Evey,Ayscough,eayscoughjq@paypal.com,346-567-5517
100640115,Shawnee,Abella,sabellajr@hubpages.com,393-239-9841
100640982,Genna,Pottinger,gpottingerjs@bravesites.com,578-918-6451
100641849,Kevon,Towsey,ktowseyjt@tripadvisor.com,982-170-9345
100642716,Sigismond,Laxon,slaxonju@sfgate.com,390-310-7000
100643583,Arlen,Divver,adivverjv@blog.com,367-745-2877
100644450,Bobbie,Garretson,bgarretsonjw@dagondesign.com,840-452-6729
100645317,Hobie,Pietrasik,hpietrasikjx@latimes.com,795-586-3745
100646184,Halley,Matskiv,hmatskivjy@slideshare.net,129-864-3833
100647051,Giacinta,Reditt,gredittjz@yandex.ru,443-902-7310
100647918,Kristo,Ixer,kixerk0@naver.com,911-645-3388
100648785,Somerset,Abad,sabadk1@fastcompany.com,979-308-1343
100649652,Juline,Colquhoun,jcolquhounk2@go.com,619-667-1180
100650519,Davis,Beaushaw,dbeaushawk3@samsung.com,616-300-7541
100651386,Malchy,Ziems,mziemsk4@dropbox.com,338-915-5009
100652253,Clementius,Studholme,cstudholmek5@prlog.org,142-625-4777
100653120,Rosina,Bonnavant,rbonnavantk6@posterous.com,135-874-0349
100653987,Heida,Sedgefield,hsedgefieldk7@yahoo.com,999-972-5071
100654854,Sydel,Bullan,sbullank8@chron.com,980-184-9728
100655721,Barron,Gilley,bgilleyk9@nsw.gov.au,659-219-0312
100656588,Barby,Peet,bpeetka@ifeng.com,264-126-1686
100657455,Skippie,Blasoni,sblasonikb@icio.us,754-960-6306
100658322,Barbra,Waterhowse,bwaterhowsekc@imageshack.us,631-524-6050
100659189,Kimmi,Beagrie,kbeagriekd@bloglines.com,759-900-6253
100660056,Grace,Bernardot,gbernardotke@wisc.edu,549-863-8248
100660923,Jodie,Landor,jlandorkf@cisco.com,945-903-0103
100661790,Deonne,Nutman,dnutmankg@un.org,817-270-4639
100662657,Clarke,Scamerdine,cscamerdinekh@gov.uk,687-758-2403
100663524,Andeee,Hance,ahanceki@symantec.com,285-953-7833
100664391,Josephina,Covolini,jcovolinikj@ow.ly,932-753-0666
100665258,Jorie,Twelvetree,jtwelvetreekk@wisc.edu,164-340-4402
100666125,Edmund,Quaife,equaifekl@princeton.edu,655-287-8419
100666992,Marcie,Almon,malmonkm@comcast.net,344-392-5205
100667859,Twyla,Fairholme,tfairholmekn@wikimedia.org,566-813-5083
100668726,Ancell,Cowope,acowopeko@tumblr.com,562-237-1273
100669593,Daphene,Campos,dcamposkp@usnews.com,376-657-0979
100670460,Susana,Flippelli,sflippellikq@i2i.jp,626-752-0551
100671327,Tatum,Brookesbie,tbrookesbiekr@clickbank.net,856-681-4770
100672194,Ly,Ramirez,lramirezks@csmonitor.com,656-359-7136
100673061,Jill,Bourdice,jbourdicekt@liveinternet.ru,285-569-6746
100673928,Grata,McCaughen,gmccaughenku@tinyurl.com,305-119-7487
100674795,Clive,Fitt,cfittkv@scientificamerican.com,177-425-3203
100675662,Rene,Shorbrook,rshorbrookkw@unesco.org,200-287-2998
100676529,Farand,Baseke,fbasekekx@goo.gl,745-180-0675
100677396,Hedi,Brackstone,hbrackstoneky@bloglines.com,582-541-1917
100678263,Olvan,Denyer,odenyerkz@goodreads.com,253-123-6560
100679130,Cristi,Balshen,cbalshenl0@sfgate.com,834-576-1231
100679997,Spike,Crowley,scrowleyl1@dot.gov,618-164-4910
100680864,Dalt,Mainstone,dmainstonel2@auda.org.au,545-551-3056
100681731,Kellia,Kissock,kkissockl3@wsj.com,100-291-1434
100682598,Ladonna,Kliche,lklichel4@mlb.com,837-916-2876
100683465,Gipsy,Murie,gmuriel5@pagesperso-orange.fr,675-122-4892
100684332,Allister,Gogin,agoginl6@jalbum.net,797-659-6559
100685199,Morlee,Heskin,mheskinl7@senate.gov,463-824-7154
100686066,Margalit,Coey,mcoeyl8@soup.io,435-698-6387
100686933,Rebeka,Janusz,rjanuszl9@npr.org,641-463-8186
100687800,Fannie,Barstock,fbarstockla@imdb.com,280-184-1635
100688667,Pebrook,Ledbury,pledburylb@gmpg.org,505-294-4273
100689534,Shurlock,Philcock,sphilcocklc@seattletimes.com,934-473-0757
100690401,Gusti,Fewlass,gfewlassld@example.com,685-730-3128
100691268,Leontyne,Hitter,lhitterle@homestead.com,573-405-6256
100692135,Laurie,Fleckness,lflecknesslf@amazon.com,558-518-9233
100693002,Erv,Trotter,etrotterlg@google.ru,553-225-9661
100693869,Antony,Berthe,aberthelh@about.me,183-351-9799
100694736,Andras,Carpe,acarpeli@wix.com,105-788-9329
100695603,Bethena,Baxandall,bbaxandalllj@weibo.com,612-607-8559
100696470,Lazaro,Perrone,lperronelk@dyndns.org,584-458-9487
100697337,Papagena,O' Liddy,poliddyll@dagondesign.com,457-304-9553
100698204,Riane,Boutell,rboutelllm@opensource.org,827-473-6612
100699071,Leigha,Frostdick,lfrostdickln@soundcloud.com,472-368-8441
100699938,Kylie,Kasher,kkasherlo@bing.com,532-247-0575
100700805,Gard,Gowrie,ggowrielp@eepurl.com,726-858-0780
100701672,Jonis,Ferronet,jferronetlq@foxnews.com,457-833-8399
100702539,Luciana,Lapre,llaprelr@va.gov,462-973-2088
100703406,Kellen,Roofe,kroofels@myspace.com,392-364-3214
100704273,Martha,Ellerby,mellerbylt@fda.gov,238-102-2983
100705140,Phylys,Fitzpatrick,pfitzpatricklu@weebly.com,473-636-3763
100706007,Gunner,Elders,gelderslv@ftc.gov,213-258-4521
100706874,Rickert,Volker,rvolkerlw@google.cn,403-141-8256
100707741,Aldo,Edgcumbe,aedgcumbelx@github.com,162-650-9848
100708608,Clayson,Coxon,ccoxonly@sphinn.com,450-216-8235
100709475,Ryann,Millins,rmillinslz@desdev.cn,709-864-4683
100710342,Wainwright,Broader,wbroaderm0@cbsnews.com,346-991-9594
100711209,Iolanthe,Gravestone,igravestonem1@g.co,584-852-3162
100712076,Roselin,Darrigoe,rdarrigoem2@weebly.com,410-187-9634
100712943,Evin,Luscott,eluscottm3@npr.org,712-544-5645
100713810,Mae,Silverstone,msilverstonem4@cornell.edu,490-235-5715
100714677,Packston,Normand,pnormandm5@taobao.com,630-662-1824
100715544,Dennet,Bignall,dbignallm6@mayoclinic.com,541-780-4038
100716411,Grete,Connue,gconnuem7@furl.net,292-230-5433
100717278,Greer,O'Griffin,gogriffinm8@umich.edu,568-184-5954
100718145,Luisa,Cressy,lcressym9@so-net.ne.jp,668-643-1961
100719012,Garrott,Sincock,gsincockma@mlb.com,323-352-0188
100719879,Janeczka,Ferrierio,jferrieriomb@sitemeter.com,913-675-0892
100720746,Glendon,Wrennall,gwrennallmc@vkontakte.ru,910-747-8723
100721613,Camala,Yanshonok,cyanshonokmd@themeforest.net,431-848-2552
100722480,Alanna,Woolstenholmes,awoolstenholmesme@unesco.org,410-461-5141
100723347,Vitia,Fonquernie,vfonquerniemf@blogtalkradio.com,573-413-2817
100724214,Albina,Ausher,aaushermg@desdev.cn,126-547-1063
100725081,Shena,Seagood,sseagoodmh@domainmarket.com,997-123-5939
100725948,Maureene,Fazakerley,mfazakerleymi@google.pl,679-152-4176
100726815,Alma,Folini,afolinimj@ocn.ne.jp,516-163-9612
100727682,Harrison,Worvell,hworvellmk@multiply.com,731-223-2696
100728549,Perren,Lintin,plintinml@pbs.org,619-912-7003
100729416,Harlen,Hamel,hhamelmm@guardian.co.uk,218-967-5586
100730283,Davide,Doerren,ddoerrenmn@ask.com,236-484-9902
100731150,Kaila,Hulke,khulkemo@e-recht24.de,700-112-2867
100732017,Quincey,Hamblett,qhamblettmp@nps.gov,969-432-4848
100732884,Sylvan,Rome,sromemq@wikimedia.org,120-525-1111
100733751,Lilla,Gosnell,lgosnellmr@marketwatch.com,461-809-7239
100734618,Hanan,Kilbourn,hkilbournms@wikia.com,306-243-4569
100735485,Mira,Boughen,mboughenmt@live.com,448-923-9940
100736352,Alix,Penhalurick,apenhalurickmu@devhub.com,779-177-7872
100737219,Stinky,Tilley,stilleymv@census.gov,826-979-4943
100738086,Hermy,Hare,hharemw@friendfeed.com,538-533-4004
100738953,Ambrosius,Arber,aarbermx@stumbleupon.com,292-861-6021
100739820,Nikolai,Eastby,neastbymy@soup.io,702-499-6250
100740687,Maurise,Aucoate,maucoatemz@drupal.org,400-933-1859
100741554,Mair,Salmons,msalmonsn0@geocities.jp,402-200-6555
100742421,Sharla,Kobpal,skobpaln1@moonfruit.com,217-869-9799
100743288,Dmitri,Cardinale,dcardinalen2@wikispaces.com,432-726-3689
100744155,Rosella,Poletto,rpoletton3@wiley.com,818-827-3674
100745022,Kile,Blague,kblaguen4@ehow.com,725-241-7052
100745889,Frannie,Joynson,fjoynsonn5@hexun.com,517-707-9248
100746756,Barth,Sillis,bsillisn6@ted.com,198-858-5421
100747623,Scotti,Stubbings,sstubbingsn7@omniture.com,277-761-8259
100748490,Rancell,Vowels,rvowelsn8@indiegogo.com,457-193-5812
100749357,Stanton,Raynham,sraynhamn9@springer.com,368-195-9576
100750224,Demeter,Dearnaly,ddearnalyna@buzzfeed.com,387-439-0663
100751091,Grayce,Holmyard,gholmyardnb@sitemeter.com,635-147-6694
100751958,Claudio,Longhorne,clonghornenc@weibo.com,241-488-0515
100752825,Arv,Hare,aharend@wired.com,923-845-4448
100753692,Cori,Dibbs,cdibbsne@cornell.edu,972-989-5075
100754559,Kary,MacMenemy,kmacmenemynf@cdbaby.com,196-345-8042
100755426,Darren,Beston,dbestonng@gov.uk,615-764-8128
100756293,Jozef,Pudding,jpuddingnh@about.com,704-567-8151
100757160,Melania,Kesley,mkesleyni@wikispaces.com,171-494-5035
100758027,Ernesto,Roizin,eroizinnj@ox.ac.uk,866-861-4045
100758894,Frederigo,Worshall,fworshallnk@aol.com,419-520-8268
100759761,Delaney,Dacombe,ddacombenl@topsy.com,985-349-0662
100760628,Franz,Sellar,fsellarnm@1688.com,224-507-1649
100761495,Constantine,Crimmins,ccrimminsnn@whitehouse.gov,714-868-2408
100762362,Blinnie,Harridge,bharridgeno@fc2.com,953-969-6032
100763229,Elisabet,Doogood,edoogoodnp@salon.com,218-260-8419
100764096,Martha,Pickance,mpickancenq@simplemachines.org,537-231-6998
100764963,Clywd,Redington,credingtonnr@blog.com,857-158-1193
100765830,Pam,Tremayne,ptremaynens@odnoklassniki.ru,646-520-8279
100766697,Deb,Cotsford,dcotsfordnt@symantec.com,517-252-9385
100767564,Darell,Cluely,dcluelynu@tinypic.com,349-931-9326
100768431,Aeriell,Lindeman,alindemannv@paypal.com,522-747-2631
100769298,Evangelina,Rouf,eroufnw@ftc.gov,999-645-5785
100770165,Rhiamon,Ridding,rriddingnx@newyorker.com,359-777-4437
100771032,Lindi,Colleran,lcolleranny@123-reg.co.uk,924-938-4073
100771899,Cyndi,O'Fallon,cofallonnz@biglobe.ne.jp,667-714-6855
100772766,Philis,Clarridge,pclarridgeo0@vk.com,829-373-6494
100773633,Karina,Chambers,kchamberso1@sun.com,307-773-9837
100774500,Jesus,Coulson,jcoulsono2@nasa.gov,865-792-5148
100775367,Washington,Kivlehan,wkivlehano3@chronoengine.com,482-954-8574
100776234,Amerigo,Baugh,abaugho4@admin.ch,301-103-2444
100777101,Regan,Fullbrook,rfullbrooko5@etsy.com,276-184-2133
100777968,Gaspar,Dewane,gdewaneo6@reverbnation.com,903-881-4631
100778835,Vikky,Tern,vterno7@friendfeed.com,410-605-3920
100779702,Dunn,Iddins,diddinso8@unicef.org,252-633-5018
100780569,Adam,Pargiter,apargitero9@vimeo.com,131-672-2893
100781436,Beryle,Shillingford,bshillingfordoa@google.ca,957-846-6028
100782303,Cly,Hiley,chileyob@cargocollective.com,364-123-9208
100783170,Avrom,Croyser,acroyseroc@dailymotion.com,987-370-7180
100784037,Rafaelia,Duffan,rduffanod@acquirethisname.com,495-574-0813
100784904,Farly,Littledike,flittledikeoe@economist.com,793-440-0385
100785771,Artur,O'Dempsey,aodempseyof@ycombinator.com,837-219-3142
100786638,Chloe,Screen,cscreenog@columbia.edu,757-382-7750
100787505,Pen,Blasing,pblasingoh@example.com,968-645-9499
100788372,Abrahan,Skipp,askippoi@ask.com,645-496-5553
100789239,Riobard,Golling,rgollingoj@tinyurl.com,813-535-6214
100790106,Horatius,Dearman,hdearmanok@typepad.com,402-849-5622
100790973,Guglielma,Smiz,gsmizol@dell.com,147-539-4806
100791840,Craig,Rolls,crollsom@tinyurl.com,212-628-3354
100792707,Justus,Woolhouse,jwoolhouseon@google.fr,911-140-2158
100793574,Belita,Gooke,bgookeoo@nymag.com,144-537-6285
100794441,Aurore,Matterface,amatterfaceop@eepurl.com,146-604-9098
100795308,Misha,Skegg,mskeggoq@alibaba.com,792-152-2556
100796175,Waylan,Vasyutichev,wvasyutichevor@mozilla.org,107-803-7330
100797042,Bern,Coultard,bcoultardos@mediafire.com,572-387-6816
100797909,Teddy,McCrainor,tmccrainorot@simplemachines.org,234-244-6755
100798776,Haley,Pittson,hpittsonou@liveinternet.ru,396-177-3538
100799643,Nevins,Ridge,nridgeov@diigo.com,656-735-2978
100800510,Akim,Issacoff,aissacoffow@mozilla.org,800-302-4230
100801377,Matelda,Piesold,mpiesoldox@twitpic.com,649-350-3523
100802244,Osgood,Olivet,oolivetoy@rambler.ru,474-328-4304
100803111,Floyd,Heale,fhealeoz@opera.com,834-363-7844
100803978,Dottie,Oats,doatsp0@opera.com,635-490-4182
100804845,Lotti,Birckmann,lbirckmannp1@hexun.com,886-524-4359
100805712,Gilbertine,Marion,gmarionp2@is.gd,898-567-8187
100806579,Creighton,Tolemache,ctolemachep3@is.gd,280-458-0312
100807446,Mortimer,Eyton,meytonp4@sbwire.com,774-825-4522
100808313,Cammy,Morey,cmoreyp5@amazon.co.uk,121-412-7935
100809180,Carolynn,Andreini,candreinip6@miitbeian.gov.cn,567-944-7755
100810047,Gaynor,Oakeshott,goakeshottp7@4shared.com,313-174-9129
100810914,Rodie,Tabourel,rtabourelp8@wired.com,132-789-4149
100811781,Ranique,Lavrick,rlavrickp9@sogou.com,785-741-4028
100812648,Ade,Lys,alyspa@exblog.jp,988-198-0315
100813515,Umeko,Stonner,ustonnerpb@tamu.edu,237-500-9570
100814382,Alvinia,Herkess,aherkesspc@mit.edu,680-646-3238
100815249,Dannel,Bernardoni,dbernardonipd@example.com,398-495-9229
100816116,Dugald,Grinaway,dgrinawaype@hatena.ne.jp,334-416-3523
100816983,Hally,Jaeggi,hjaeggipf@scientificamerican.com,900-274-9521
100817850,Diahann,Doles,ddolespg@angelfire.com,970-940-7380
100818717,Rochelle,Pirdy,rpirdyph@cdbaby.com,375-580-5912
100819584,Whitman,Bendare,wbendarepi@bloglines.com,456-950-1729
100820451,Reinaldo,Balassi,rbalassipj@miibeian.gov.cn,817-486-2632
100821318,Washington,Klarzynski,wklarzynskipk@senate.gov,734-356-7436
100822185,Blondy,Scherme,bschermepl@spiegel.de,894-474-1774
100823052,Cirstoforo,Addeycott,caddeycottpm@nymag.com,104-859-5571
100823919,Teodora,Davidov,tdavidovpn@cbsnews.com,266-455-4373
100824786,Jake,Chatainier,jchatainierpo@microsoft.com,441-384-9544
100825653,Cayla,Khotler,ckhotlerpp@bbc.co.uk,668-287-9450
100826520,Killie,Weson,kwesonpq@sogou.com,156-623-9418
100827387,Renate,Cardello,rcardellopr@rakuten.co.jp,191-775-8504
100828254,Loretta,Cumming,lcummingps@typepad.com,352-982-0729
100829121,Maisie,Worham,mworhampt@fotki.com,396-369-0516
100829988,Ilyse,Ricarde,iricardepu@whitehouse.gov,489-115-1022
100830855,Ximenez,Cyseley,xcyseleypv@google.co.jp,928-239-5802
100831722,Ellyn,Gensavage,egensavagepw@sina.com.cn,462-233-2592
100832589,Doug,Shute,dshutepx@huffingtonpost.com,989-500-2478
100833456,Koressa,Seiller,kseillerpy@cpanel.net,750-580-6934
100834323,Cynde,Leppo,cleppopz@nps.gov,350-515-4767
100835190,Bobinette,Bick,bbickq0@fastcompany.com,578-168-5477
100836057,Gilda,Worboys,gworboysq1@sina.com.cn,549-546-4451
100836924,Andras,Hearon,ahearonq2@tinypic.com,958-108-2132
100837791,Kathleen,McGlew,kmcglewq3@nba.com,713-204-1995
100838658,Silvain,Brixey,sbrixeyq4@soup.io,219-238-4009
100839525,Aime,Paye,apayeq5@nsw.gov.au,318-539-1965
100840392,Wilmar,Akred,wakredq6@de.vu,434-531-2230
100841259,Zea,Hacquoil,zhacquoilq7@plala.or.jp,695-848-8340
100842126,Beauregard,Stud,bstudq8@bigcartel.com,666-981-8411
100842993,Essie,Izon,eizonq9@multiply.com,730-582-8128
100843860,Rusty,Shinefield,rshinefieldqa@hugedomains.com,810-441-2763
100844727,Carlie,Kohlerman,ckohlermanqb@plala.or.jp,430-392-3695
100845594,Daniela,Malyj,dmalyjqc@wsj.com,147-581-9996
100846461,Bari,Humpage,bhumpageqd@google.pl,262-850-4486
100847328,Elysha,Mardee,emardeeqe@sourceforge.net,345-420-5288
100848195,Christine,Forrington,cforringtonqf@reuters.com,473-477-6563
100849062,Nappie,Eighteen,neighteenqg@cnet.com,948-646-6697
100849929,Eddy,Creek,ecreekqh@desdev.cn,236-387-0565
100850796,Eliot,Spykings,espykingsqi@ehow.com,668-179-3478
100851663,Tibold,Rubanenko,trubanenkoqj@mashable.com,154-356-5356
100852530,Nev,Clery,ncleryqk@nbcnews.com,591-241-8303
100853397,Katleen,Di Claudio,kdiclaudioql@pagesperso-orange.fr,871-744-9111
100854264,Keary,Revey,kreveyqm@time.com,793-572-0759
100855131,Tybie,Lakin,tlakinqn@apple.com,273-357-4594
100855998,Amil,Quantrell,aquantrellqo@seattletimes.com,780-940-7376
100856865,Terencio,Winnett,twinnettqp@opensource.org,216-464-1862
100857732,Giacomo,Bussons,gbussonsqq@clickbank.net,935-755-8354
100858599,Rodge,Skirving,rskirvingqr@list-manage.com,768-941-4498
100859466,Shelden,De la croix,sdelacroixqs@miitbeian.gov.cn,493-571-4002
100860333,Jemmy,Cardoo,jcardooqt@examiner.com,114-413-3906
100861200,Halley,Jacke,hjackequ@dmoz.org,832-210-2996
100862067,Ellswerth,Conor,econorqv@wiley.com,332-494-7530
100862934,Willy,Bakey,wbakeyqw@xing.com,794-185-8401
100863801,Alec,Schonfelder,aschonfelderqx@toplist.cz,932-175-2618
100864668,Douglass,Catford,dcatfordqy@whitehouse.gov,336-575-3451
100865535,Dorothy,Hoggins,dhogginsqz@va.gov,602-128-6074
100866402,Martyn,Dallicott,mdallicottr0@archive.org,894-970-5856
100867269,Kari,Farfalameev,kfarfalameevr1@google.co.uk,797-985-1493
100868136,Preston,Atcheson,patchesonr2@joomla.org,717-931-7607
100869003,Mickey,Burditt,mburdittr3@gizmodo.com,919-800-4570
100869870,Cornell,Agerskow,cagerskowr4@so-net.ne.jp,885-187-0448
100870737,Gale,Sedgeman,gsedgemanr5@auda.org.au,329-576-7376
100871604,Ajay,Free,afreer6@shutterfly.com,469-401-0196
100872471,Marice,O'Sheils,mosheilsr7@bandcamp.com,939-901-3493
100873338,Nolan,Grosier,ngrosierr8@amazon.co.uk,185-617-2679
100874205,Bobby,Cona,bconar9@sciencedirect.com,859-638-7584
100875072,Kikelia,Merryfield,kmerryfieldra@ted.com,234-147-6522
100875939,Barbey,Stoffers,bstoffersrb@google.fr,585-741-2805
100876806,Basil,Longman,blongmanrc@java.com,417-660-0592
100877673,Netta,Muir,nmuirrd@hugedomains.com,251-899-7446
100878540,Maddie,Olivie,moliviere@domainmarket.com,292-158-7230
100879407,Kariotta,Shimmings,kshimmingsrf@squarespace.com,204-281-2189
100880274,Karil,Fawdry,kfawdryrg@bandcamp.com,448-613-5622
100881141,Tersina,Kavanagh,tkavanaghrh@latimes.com,958-281-3547
100882008,Tiff,Cheeld,tcheeldri@phoca.cz,581-574-1301
100882875,Jameson,Cleere,jcleererj@goo.ne.jp,857-109-7778
100883742,Sunny,Emmens,semmensrk@google.com.hk,637-604-3259
100884609,Odele,Biernacki,obiernackirl@devhub.com,677-151-8111
100885476,Arvin,Casetti,acasettirm@nasa.gov,137-841-1553
100886343,Boot,Crowhurst,bcrowhurstrn@360.cn,799-730-5380
100887210,Inge,Burger,iburgerro@tamu.edu,523-829-9306
100888077,Saunder,Riseborough,sriseboroughrp@amazon.com,503-709-1164
100888944,Brice,Camilleri,bcamillerirq@elpais.com,266-701-7962
100889811,Lissa,Piburn,lpiburnrr@marriott.com,844-488-0963